Max,mean,Min
0.9352801399360489,0.9165976240946098,0.8474703016629244
